Model,Test Accuracy,Test Macro-F1
TF-IDF + Logistic Regression,0.88932,0.8893169609093858
Packed BiLSTM,0.81624,0.815310026587573
DistilBERT,0.91204,0.9120292001415963
