Model,Split,Precision,Recall,F1
CRF,Validation,0.8968766358401675,0.865028609895658,0.880664781975499
CRF,Test,0.8197472064480674,0.7923158640226629,0.805798145313766
DistilBERT,Validation,0.9309480020063534,0.9380053908355795,0.9344633716539397
DistilBERT,Test,0.8805064169268123,0.8995393338058115,0.8899211218229622
